comment_abbr,abbr_comment_freq,parent_comment_abbr,parent_abbr_comment_freq
SPJ,1.0,HAS,5
CS,9.0,AL,6
VERY,5.0,SPJ,1
UL,2.0,US,198
AI,3.0,JDF,1
TSM,12.0,ESL,3
OP,92.0,ESEA,4
ESL,1.0,ENVYUS,1
YES,4.0,CP,6
GET,12.0,MRW,13
OUT,6.0,SARCASM,1
NIST,1.0,NFL,42
WTC,1.0,QB,27
FTFY,7.0,TIL,116
WWE,5.0,AI,10
BLAST,1.0,UR,2
PROCESSING,1.0,AAP,2
ENGINE,1.0,FYI,7
SSN,1.0,ER,3
COD,8.0,GP,7
ID,8.0,MMO,5
NFL,12.0,BOTH,3
GOP,6.0,AND,54
SSD,4.0,TF,21
QOL,1.0,BOLD,1
UK,17.0,ONE,17
CHEMICALS,1.0,MAN,9
DAE,14.0,VS,14
EVIL,1.0,MANY,5
WC,1.0,GROUPS,1
MILLIONS,1.0,NEED,2
DARK,1.0,UN,13
OMG,21.0,FFS,3
TREVOR,1.0,LEAP,1
YOURE,1.0,TFL,1
SO,70.0,UK,57
COOL,3.0,MLK,4
AAMC,1.0,MW,6
HDD,1.0,BF,16
DOTA,2.0,IW,1
PSTV,1.0,ID,11
ITT,10.0,NOT,45
DSM,2.0,WHO,6
II,3.0,DOESN,3
III,6.0,BUY,4
HIGH,3.0,WARD,1
ENERGY,2.0,IN,34
FELLOW,1.0,THAT,19
CENTIPEDE,1.0,ELO,1
PB,1.0,LOL,19
FNN,1.0,EDH,3
BUT,27.0,RAYCOM,1
STOP,9.0,ACC,2
MAKING,1.0,DAE,15
JOKES,1.0,HDD,3
ABOUT,10.0,SSD,6
WHITE,3.0,PCB,3
CISHET,1.0,CO,4
MEN,1.0,GOAT,6
WE,15.0,XP,6
RE,9.0,NAWWWWW,1
NOT,21.0,WE,20
ALL,19.0,RE,10
THE,76.0,OUTTA,1
SAME,2.0,BEAR,1
YOU,63.0,CLAWS,1
KNOW,3.0,CBF,1
AND,31.0,CM,8
IT,45.0,BN,2
ACTUALLY,3.0,GM,11
REALLY,6.0,WTF,15
RACIST,5.0,AK,10
HETEROPHOBIC,1.0,MUCH,6
NOTALLMEN,1.0,WAY,4
DC,8.0,CT,3
USSR,5.0,KV,1
ISIS,17.0,NJ,5
HE,17.0,TFW,2
MADE,1.0,OMG,12
JOKE,5.0,HEY,4
UNTIL,2.0,LOOK,3
SEE,3.0,MOM,1
HER,3.0,IM,2
ADAM,1.0,THE,106
APPLE,1.0,VIDEO,5
HATE,2.0,GET,15
HIM,7.0,REKT,1
NOW,8.0,GON,1
BECAUSE,9.0,MARTINI,1
IS,34.0,TAUGHT,1
APPROVING,1.0,YOU,56
THAT,30.0,WELL,3
ITS,5.0,LG,10
OKAY,2.0,AGAIN,3
TO,36.0,OHKO,1
KILL,1.0,PDW,1
TRANS,1.0,GTA,12
PEOPLE,6.0,DBSK,1
OR,3.0,TVXQ,1
SOMETHING,3.0,JYJ,1
SCP,1.0,UKISS,1
PS,19.0,EXO,1
GOTY,1.0,SISTAR,2
TTO,1.0,ST,6
ZOS,1.0,BEAST,1
CDC,1.0,EXID,1
IW,3.0,JYP,1
GT,10.0,GI,4
IOT,1.0,DSM,1
EU,20.0,III,10
HEY,5.0,CA,7
EVERYONE,4.0,PC,94
SCREWED,1.0,PB,2
UP,7.0,OOOOOOOOOO,1
IN,16.0,OBVIOUSLY,1
LOVE,11.0,MRA,6
NAMBLA,1.0,MGTOW,3
TIL,54.0,PSA,17
DPS,4.0,NPC,4
WOW,5.0,AFK,5
SJW,9.0,OP,86
GG,10.0,CEO,9
BEES,1.0,WOMENS,1
OS,6.0,LPT,7
QB,10.0,LGBT,12
USB,1.0,DON,15
FUCK,22.0,LISTEN,2
POLICE,2.0,TO,37
FUCKING,10.0,YOUR,18
WHERES,1.0,ARGUMENTS,1
MANDATED,1.0,BECAUSE,9
MILF,1.0,FEW,1
PROOF,2.0,PEOPLE,8
THOSE,2.0,FROM,6
COULD,2.0,GROUP,1
JUST,14.0,TAKE,4
BE,11.0,ME,19
TOYS,1.0,SERIOUSLY,1
OF,20.0,TUMBLRITES,1
KID,2.0,ARE,13
SHE,4.0,ALL,27
BABYSITTING,1.0,SAME,3
TV,24.0,DC,23
UPVOTE,2.0,NH,2
THIS,18.0,SPF,3
TRUMP,4.0,SJW,13
MRA,3.0,FE,5
ATM,2.0,OT,3
WRONG,3.0,NOOOO,1
BJJ,1.0,TBI,1
CIG,1.0,WARNING,3
AZ,3.0,WD,2
EA,9.0,GOD,11
OBJ,1.0,DAMN,5
HIS,8.0,IT,65
ASS,2.0,TIFU,9
PC,29.0,GTR,2
ODST,1.0,POLICE,1
VW,2.0,MILITARIZATION,1
EQ,1.0,FERGUSON,1
WANT,5.0,GTX,15
US,78.0,GT,7
VGA,1.0,IOT,1
AMA,4.0,LET,4
POOT,1.0,GO,36
OK,12.0,BLUES,1
PUT,2.0,NATO,6
YOUR,13.0,FFXIII,4
LOAD,1.0,EE,7
ME,18.0,DAC,2
DADDY,1.0,THERE,5
ROBUX,1.0,NO,27
MY,25.0,HA,7
SD,1.0,ZERO,8
BOULDER,1.0,MB,7
SET,1.0,GB,32
TVC,1.0,GOP,34
ACU,1.0,FTB,1
AMIRITE,2.0,RTI,1
BLACK,1.0,SB,2
LIGHTNING,1.0,WANT,4
CLEARLY,4.0,DEEP,1
AMAZING,1.0,THROAT,1
SNES,1.0,XBOX,6
MGS,1.0,WTB,1
IM,10.0,WTS,1
GONNA,4.0,MS,10
MAKE,5.0,DPS,4
SUPER,2.0,CSGL,1
HEALTHY,1.0,WHY,10
NUTRITIOUS,1.0,CAD,3
FIT,1.0,DRONE,1
MEAL,1.0,DIES,1
FOR,30.0,GG,7
DROWN,1.0,EU,33
OIL,2.0,TAU,1
ONE,9.0,ESA,3
DRIZZLE,1.0,SOME,3
AT,15.0,LAPD,2
TIME,8.0,SAY,3
BEING,9.0,AIN,1
RETARD,2.0,SO,38
DUDE,4.0,WR,14
ONLY,5.0,SK,7
LIKE,9.0,AFC,2
SHITTY,1.0,USB,15
SCHOOLS,1.0,CSO,1
TCU,1.0,MIT,1
WHEN,4.0,LUL,1
THEY,11.0,MTG,4
DO,7.0,BUT,15
WELL,3.0,NEEDED,2
FUNNY,13.0,RESEARCH,1
LOL,22.0,ENEMY,1
NWAF,1.0,OFFICER,1
DID,5.0,NW,5
SOMEONE,1.0,OR,18
SAY,4.0,TN,1
MELEE,1.0,POSTGAME,2
CEO,5.0,THREAD,9
ROLLING,1.0,LIVE,12
AROUND,1.0,ANYTHING,5
SPEED,1.0,POTG,4
SOUND,1.0,CIA,6
RON,1.0,RNC,5
WOMAN,1.0,OPENLY,1
BEATER,1.0,DNC,17
DESERVES,1.0,KK,2
HAVE,7.0,RAV,1
BROUGHT,1.0,LONG,1
LITERALLY,4.0,AS,5
EVERY,4.0,ICT,1
ANYBODY,2.0,DANK,1
TALKS,1.0,MEME,1
ANYTHING,2.0,RP,5
NSA,9.0,DEFINITION,1
RT,3.0,LDLC,2
ELI,1.0,TV,47
DOING,1.0,VIP,3
SIDEWAYS,1.0,CAO,1
AMEN,1.0,SC,13
BROTHER,1.0,MUT,2
AUG,1.0,CH,7
RDA,1.0,LSU,5
OH,15.0,FL,6
DOWN,4.0,OBJ,5
WITH,14.0,CD,8
WALL,4.0,GOOD,6
STREET,1.0,BORING,1
HVAC,1.0,BAD,2
USC,2.0,TRUE,1
NTR,1.0,FRESHMAN,1
UH,1.0,LOS,1
OTHER,4.0,ANGELES,1
ARE,10.0,DODGERS,2
ENTITLED,1.0,HAVE,14
THEIR,8.0,BEEN,2
OPINIONS,1.0,ELIMINATED,1
TOO,4.0,WORLD,4
THATS,4.0,SERIES,3
WHY,4.0,CONTENTION,1
DOWNFOTING,1.0,CUBS,1
MK,2.0,ADVANCE,2
VM,2.0,THEIR,7
GOD,14.0,COUCHES,1
DON,6.0,TRAIN,1
REAL,7.0,FPS,13
NO,19.0,VGA,2
DONT,4.0,ISS,1
UNDERSTAND,1.0,NIU,2
GLITCH,1.0,QANTAS,1
SHOULNT,1.0,ADC,7
EXIST,1.0,AMA,15
FINALLY,1.0,OFFICIALLY,1
AAL,1.0,GE,5
NAT,1.0,PS,62
FALSETTO,1.0,GF,10
AUTOMATICALLY,1.0,RT,8
ALIVE,2.0,GITNA,1
STATISTICS,1.0,BLISS,1
LIE,2.0,PAG,1
IMO,9.0,IBIG,1
WHO,2.0,PAO,1
ISN,3.0,ATM,7
COMPLETE,2.0,SD,4
ASSHOLE,2.0,LOT,9
LIFE,4.0,MC,4
HAS,8.0,NSFW,15
EVER,4.0,HAHAHA,1
DONE,1.0,LEM,1
BI,1.0,VAC,4
WAY,3.0,ITS,4
SC,2.0,EASY,1
UN,8.0,MM,7
VX,1.0,PM,19
ADSL,1.0,NAKAT,1
CONSIDER,2.0,TLDR,7
FULL,2.0,FCC,5
BLOWN,1.0,LDS,3
MEMBER,1.0,WB,4
CHURCH,1.0,HEALTH,1
PHIL,1.0,INSURANCE,1
POSSIBLE,1.0,MGS,2
BOATS,1.0,TCU,2
ENTIRE,2.0,GAME,15
TERRAIN,1.0,THREADS,1
WATER,2.0,RMU,1
SOUNDS,1.0,FB,6
GREAT,3.0,BBCAN,3
KT,3.0,IK,1
TPP,2.0,END,10
SS,4.0,ELEVEN,1
MLG,3.0,YEARS,3
UT,2.0,OK,31
FOIA,1.0,EVERYWHERE,2
NV,2.0,KYT,1
OC,4.0,WEC,1
XTRA,1.0,XB,4
SRT,2.0,SXSW,1
KD,4.0,FUTURE,1
GTX,7.0,IS,60
WILL,4.0,HERE,6
HOLY,2.0,RA,2
SHIT,4.0,EUR,1
HOW,5.0,RON,2
TSA,1.0,LOTV,2
DHS,1.0,WOL,1
TL,2.0,HOTS,2
DR,3.0,WW,10
NYPD,2.0,MLB,3
AP,6.0,QM,3
THQ,1.0,WAKE,2
NEW,4.0,FUCK,20
FOXY,1.0,UP,9
SPINOFF,1.0,AUG,1
GAME,6.0,NBC,5
CONFIRMED,2.0,ABC,5
DAWGS,1.0,CBS,5
TEH,2.0,CNN,14
EVILZ,1.0,FAT,4
MUST,5.0,OS,15
THINK,1.0,HVAC,1
THA,1.0,TFA,7
CHILDERNZ,1.0,NCAA,6
URL,1.0,CHEATED,1
WOULD,3.0,ZOS,1
GIVEN,2.0,ESO,1
MORE,6.0,REDDIT,7
SUCCESS,1.0,WWII,8
THAN,4.0,RESEBA,1
BTC,1.0,DARK,1
ULQ,1.0,WIND,1
CPS,1.0,FINE,1
HP,4.0,FM,3
RAISING,1.0,PHP,1
HOPE,2.0,SA,6
LCS,3.0,AW,5
STEM,3.0,FILTH,1
USD,3.0,AJ,2
UFC,1.0,BAL,3
WAS,4.0,SF,11
HAIL,1.0,FC,8
MAGIC,1.0,VFX,2
CONCH,1.0,SORTA,1
EACH,1.0,MN,6
BGH,2.0,USA,37
AM,5.0,TPP,4
PM,9.0,OC,10
RAF,1.0,HUGE,9
EDM,1.0,AAL,1
BOOT,1.0,VCR,1
THANKS,4.0,DLC,22
OBAMA,1.0,TK,2
STAYING,1.0,PF,5
RIP,10.0,IUD,1
HTC,1.0,LA,20
DPRD,1.0,SONIC,1
DKI,1.0,BTC,5
PRIDE,1.0,PCMR,7
NEED,4.0,GPU,13
CAN,11.0,WHOLE,2
GLONASS,1.0,BYTES,1
KIM,1.0,MUWHAHAHAHAHA,1
JONG,1.0,DOJ,5
TAKES,2.0,BI,2
OVER,5.0,PA,4
WORLD,1.0,NFC,4
FLOPPY,1.0,SFM,1
DISK,1.0,PLEASE,9
NUKES,1.0,EG,5
FSM,2.0,OW,6
PG,6.0,WORST,1
FLY,1.0,GETTING,5
WIFE,1.0,NEW,5
SAN,1.0,WATER,1
FRAN,1.0,EFFECTS,1
AJC,1.0,KT,2
NEVER,5.0,HTML,5
VPD,1.0,THEM,5
AWW,1.0,ABOUT,9
OOC,1.0,GROM,1
THANK,2.0,WEIRDDDD,1
MUCH,5.0,NA,26
RAYQUAZA,1.0,REAL,5
FAGGOT,2.0,DEA,2
MVP,6.0,EA,15
WR,5.0,CHP,3
SHEEPLE,1.0,HOV,3
TBQ,1.0,ONLY,9
PLAYING,2.0,EV,1
FOOD,1.0,TL,21
PSP,1.0,DR,17
YESSSSSSSSSSSSSSSSSSSSSS,1.0,PRESENCE,1
NETHER,3.0,JUST,30
FLESH,3.0,PRANK,1
FROM,1.0,BRO,4
BONE,1.0,HR,5
FLE,1.0,RBI,2
FLESHSFHSHEHSHFLESHFLESHFLESH,1.0,AA,12
WMD,1.0,LT,5
DDT,1.0,EPA,2
EX,1.0,LFG,3
DNC,5.0,PKK,2
RPM,1.0,APC,4
TWC,1.0,SRT,1
BRILLIANT,1.0,KD,5
TDI,2.0,CTE,2
TRIGGER,1.0,AGGRESSION,1
WARNING,1.0,HD,12
VANDERBILT,1.0,SMS,1
OUR,4.0,BLIZZARD,1
TEAM,3.0,PIT,1
LEGALLY,1.0,LORD,2
DEAD,2.0,BK,2
STILL,2.0,RCMP,5
POINT,1.0,DO,12
FAVORITE,1.0,TRY,2
DL,1.0,HELP,3
TPB,2.0,BUDDY,1
OBVIOUSLY,2.0,NIPR,1
LOCATION,1.0,TBH,8
USA,12.0,PK,2
ANOTHER,2.0,IMO,24
ONEEEEEEEEEEEEEEEEEEEEE,1.0,MAGA,3
EXPOSED,1.0,NESN,1
BURN,2.0,YEEEEAH,1
LPT,2.0,WOO,1
NRA,3.0,XX,3
PWS,1.0,FJR,1
UI,1.0,NMZ,1
CLAIMED,1.0,OSRS,4
WOOHOO,1.0,TA,8
TOI,1.0,YEAH,2
DPRK,1.0,SPOT,2
PERHAPS,1.0,WHERE,8
HAD,2.0,SHIT,11
HEAD,1.0,GOES,2
BURRIED,1.0,DOWN,8
SAND,1.0,JP,2
SPEAK,1.0,XMP,1
MAYBE,1.0,XM,2
SHOULD,2.0,NAFTA,4
GOOGLE,1.0,MY,18
LITTLE,1.0,ARM,2
CALLED,1.0,BORKED,1
DA,1.0,NOPE,1
SHOCKED,2.0,POPGOES,3
IRA,3.0,PROMOTION,1
WOOOOOOOOOOOOOOOOOOOOOOO,1.0,USE,4
UVM,1.0,GRID,2
TEMDININITE,1.0,POA,1
FSF,1.0,NEAR,2
PLA,1.0,PR,8
ABS,1.0,GVRD,1
PAN,1.0,DAW,1
CASEROOOOOO,1.0,SV,1
HR,2.0,GIGACON,1
STD,2.0,BBC,8
FFXIV,1.0,YPF,1
UNLEASHES,1.0,SRS,8
FURY,1.0,HRT,1
FABULUOUS,1.0,LEGO,4
EE,3.0,IRS,4
IBM,2.0,WEW,1
DEJA,1.0,LADS,1
VU,1.0,MSRP,2
FIX,2.0,ALWAYS,10
ANYWAY,1.0,WHEN,4
AK,6.0,BUSY,1
IR,2.0,ASLEEP,1
PROBLEM,1.0,HOLY,3
RELIGION,2.0,FAIL,1
WORSHIPPING,1.0,NXT,5
RIGHT,5.0,NSA,7
JAG,1.0,PL,3
CD,3.0,DA,3
PI,1.0,FINISHED,1
NA,14.0,UNIVERSE,1
WTF,4.0,MINDLESS,1
BF,4.0,DOES,2
EXACTLY,4.0,SUFFERING,1
WHAT,12.0,FINISH,1
SAID,3.0,CAN,7
UNDERSTANDING,1.0,BE,19
MMO,3.0,MORAL,1
PBR,1.0,WITHOUT,2
DRINKING,1.0,NALCS,1
ALCOHOLS,1.0,SEASON,2
BADDAAAASSSSSS,1.0,SPOILERS,6
GPU,10.0,HIJO,1
RSA,1.0,OTK,2
NY,5.0,BREAKING,4
DE,3.0,PX,1
MLA,1.0,MST,1
HD,5.0,NYC,15
OCCUPIED,1.0,II,11
SCRIPTED,1.0,IGN,3
BIT,2.0,DICE,2
HOWARD,1.0,USD,7
WEARS,1.0,AML,1
WIG,1.0,KYC,1
DUH,4.0,TH,5
OWN,2.0,DM,6
COUNTRIES,1.0,BTDT,1
THRY,1.0,ROM,5
BAD,3.0,IIRC,8
HURTING,1.0,CE,5
ENVIRONMENT,1.0,TRUST,1
AMC,1.0,CAPSLOCK,1
MUSLIMS,1.0,BUTTON,1
PICS,1.0,ON,18
NEEDED,1.0,KEYBOARDTHAT,1
ATF,2.0,MIGHT,2
SOOO,2.0,ACCIDENTALLY,1
IED,1.0,TOGGLED,1
MSM,5.0,ENTIRE,3
FUT,1.0,COMMENT,2
RL,1.0,HISTORY,1
PST,1.0,CAPS,2
CFM,1.0,GPS,6
OKC,2.0,FO,5
DESERVE,2.0,FSM,1
LOKI,2.0,INVISIBLE,1
SKIN,3.0,PERSON,2
ODIN,2.0,CELL,2
ASWELL,1.0,PHONES,1
DAMMIT,1.0,OL,2
IRL,4.0,AGAINST,1
MS,6.0,DS,13
XD,8.0,XL,3
EVGA,1.0,TES,2
TALKING,1.0,VI,4
SHILL,2.0,DE,4
YAY,1.0,OOC,1
DARE,4.0,TD,9
OFF,2.0,PFF,1
POST,2.0,MVP,14
CA,1.0,CSGO,5
WVU,1.0,NY,9
BC,2.0,SKS,2
TH,1.0,UPS,3
HGH,2.0,HYYYYYYPE,1
CPU,5.0,COD,11
PCB,1.0,PISSED,1
BRUINS,1.0,HQ,4
TWO,4.0,USMNT,1
BOOBIES,1.0,XI,2
HAHAHA,3.0,BANISHED,2
MMR,1.0,NETHER,2
KZ,1.0,MI,3
SAVED,1.0,WAAAY,1
SOME,3.0,PMC,1
WORDS,1.0,UT,4
AGES,1.0,VT,1
SMG,1.0,HK,4
YEAR,2.0,UA,3
MJ,3.0,LIGHT,1
PVE,1.0,OLYMPIC,1
DZ,2.0,TORCH,1
GOING,3.0,HOOOR,1
CALL,2.0,WIFE,1
LAWYER,1.0,DID,7
FRIEND,1.0,SLEEP,1
ACTUAL,1.0,WITH,9
EVENTS,1.0,HER,3
EP,1.0,ATF,2
HANDS,1.0,FBI,22
OTC,1.0,ZHP,1
WW,5.0,LMAO,4
OCD,3.0,BFZ,1
HA,1.0,OGW,1
GM,4.0,NTTE,1
MEAN,3.0,OKC,4
TELL,3.0,BC,9
DIDN,3.0,VERY,7
RONALDO,1.0,NASA,10
YELLOW,2.0,AKA,2
DIAMOND,2.0,VRAM,1
FUSION,1.0,CYGS,1
LA,4.0,COP,2
GK,1.0,ISIS,34
BREAKING,1.0,ESD,1
UNC,2.0,TRASH,3
FANS,5.0,TALK,4
PROUD,1.0,KNOW,14
SCHOOL,1.0,WHAT,14
KNOWN,1.0,CS,43
EXPLOITING,1.0,NVIDIA,1
ATHLETES,1.0,RAM,4
MEDIOCRE,1.0,RTZ,1
FOOTBALL,1.0,MLG,4
BITTER,1.0,CDL,1
VA,1.0,CPU,15
STRENGTH,1.0,HBO,3
BUILDS,1.0,ENGLISH,2
NSFW,5.0,NPO,1
LEARN,1.0,ANOTHER,4
ORIGINS,1.0,ONNEEEEEEE,1
TAFFER,1.0,LINEEEE,1
TRUELY,1.0,AOL,3
FOM,1.0,IP,4
CNN,6.0,NOOBS,1
NBA,8.0,CB,8
MLB,5.0,DMV,6
NHL,4.0,PACK,1
XP,1.0,AAA,7
DVS,1.0,EK,2
CK,1.0,ESPN,14
NK,2.0,SURELY,1
RUSSIAN,1.0,ACE,1
BIAAAAS,1.0,PW,5
LDS,1.0,INDEPENDENCE,1
GENDER,3.0,DAY,3
SOCIAL,1.0,NCG,1
CONSTRUCT,1.0,BUILD,1
AFC,6.0,TOTY,4
MX,3.0,CRASH,2
JAD,1.0,SELL,2
HOLDDOOR,1.0,PLS,1
NE,1.0,NYU,1
WWKD,1.0,MADE,2
DLI,1.0,SOMETHING,4
TWENTY,1.0,HB,2
FOUR,1.0,FTTN,1
SEVEN,1.0,XXL,1
LGBT,1.0,PAC,3
BNB,1.0,NEXT,3
LE,3.0,FUCKING,17
KARMA,1.0,REALLY,8
OFCOURSE,1.0,FPV,1
UPJEBS,1.0,SALTY,1
ERRYDAY,1.0,FOSS,2
PRAISE,1.0,NRL,1
LOHD,1.0,FA,4
CPP,1.0,USMC,1
MEGATEXTURES,1.0,AMAZING,2
GB,15.0,COMMUNITY,1
DEFINITELY,2.0,CERN,1
POG,1.0,STILL,6
SHHWG,1.0,IX,2
CAS,3.0,JW,1
TRU,1.0,HEROES,2
GMO,3.0,OJ,6
MOTHERFUCKER,1.0,KB,2
TEN,1.0,OTOH,1
FEET,1.0,FFXIV,2
HIGHER,1.0,BLASTS,1
RAM,8.0,RANKED,2
QA,1.0,WILL,7
RG,1.0,SAVE,1
EC,1.0,THEN,7
TLC,1.0,GUY,5
TNA,2.0,COMPLAINING,1
SPOILER,1.0,BEING,2
TAG,1.0,ABLE,2
JESUS,2.0,OUT,10
HAVEN,1.0,OF,29
SEEN,1.0,HIS,3
YET,1.0,TIER,1
GOAT,6.0,HE,9
BCUZ,1.0,HASN,1
COLLUSION,1.0,GRASPED,1
LOLZ,1.0,IDEA,4
GTA,7.0,WINNING,1
OG,4.0,LOSING,2
TIGERS,1.0,DZ,3
FTW,1.0,FIRST,4
HALF,2.0,MUGGLES,1
POLITICAL,1.0,GRAPHIC,1
CORRECTNESS,1.0,ANY,7
RUN,3.0,ABCMR,1
AMOK,1.0,NCOER,3
WT,1.0,SSG,2
HAHAHAHAHA,60.0,SGT,1
FPS,5.0,EO,2
ZA,1.0,SHARP,1
DOM,1.0,QMP,1
HIV,3.0,CSM,1
JTYJN,1.0,AP,9
EBT,1.0,FSU,1
ESPN,3.0,ND,1
INSANE,1.0,TKD,1
INFRINGING,1.0,TINKER,3
UPON,2.0,STRONG,2
MUH,4.0,BORED,1
MED,1.0,FNAF,5
TAY,1.0,MOBA,1
SHUN,1.0,OI,1
BULL,1.0,ACH,2
HLTV,1.0,DOG,1
EMPHASIS,1.0,SMURT,1
CWC,1.0,NOES,1
NOTICE,1.0,FG,7
DOOBSPAI,1.0,KKK,8
TESO,2.0,BIG,2
BEHAVIOR,1.0,DEAL,1
GIF,1.0,RAW,2
YA,1.0,JERICHOOOOOO,1
DOJ,1.0,PSU,5
WAR,4.0,TELEVISION,1
TF,4.0,APA,1
AMD,8.0,ONION,1
DK,2.0,ICH,1
AD,3.0,WUSSTE,1
IIRC,5.0,ES,6
BETTER,3.0,FOX,1
AF,3.0,NEWS,3
GR,1.0,CES,3
FPGA,1.0,DOTA,2
THERES,1.0,FRICKIN,1
VOMIT,1.0,HOME,4
ON,8.0,WOW,4
SWEATER,1.0,YTD,1
ALREADY,1.0,FTWD,1
MOMS,1.0,TBR,1
SPAGHETTI,1.0,HYS,1
CGI,2.0,MOST,4
NX,1.0,ELIGIBLE,1
RUNESCAPE,1.0,BACHELORS,1
ACP,1.0,VANCOUVER,1
CLG,3.0,GREAT,3
VII,1.0,TTC,4
HARD,5.0,SKY,2
STYLE,1.0,RUNNING,3
KSP,2.0,CW,3
PRE,1.0,EXACTLY,2
ORDER,1.0,TTK,3
FA,3.0,RAGE,1
PPC,1.0,GOT,3
THUNK,1.0,AN,4
AFL,1.0,ANIMA,1
PD,3.0,DOGE,1
CUNT,2.0,REQ,1
WB,1.0,IED,1
SUKS,1.0,VA,6
DCEU,1.0,PSG,3
NC,5.0,PG,11
HEAR,1.0,BITCOINS,2
GUYS,3.0,JJM,1
JVB,1.0,DTX,1
EVERYTHING,1.0,CR,3
DETAINED,2.0,AM,17
MLM,1.0,SCARRED,1
LAG,1.0,FOR,18
NOTHING,1.0,LIFE,5
NFC,3.0,NFS,2
FAT,2.0,VII,4
FIRING,1.0,BREAK,1
AN,7.0,IV,8
ASSAULT,1.0,RAPED,1
RIFLE,1.0,EVEN,5
CHILDREN,1.0,OUTROLLED,1
BJP,3.0,FW,2
CWTS,1.0,DU,1
UFO,2.0,EVERYONE,9
AGAIN,4.0,NRA,6
DAW,1.0,TB,7
MAN,4.0,KEEP,2
LR,2.0,ZZZZZZZZZZZ,1
GERDEN,1.0,LITERALLY,4
FURDIE,1.0,HP,11
FBI,7.0,TRIPLE,1
HAHAHAHAHHHAHAHAHA,1.0,CUE,1
HES,2.0,DOWNVOTES,1
OFFSIDE,1.0,WMD,2
EXCLUSIVE,1.0,EVGA,2
MRW,1.0,PGP,2
GOVERNMENT,1.0,THIS,28
DMV,1.0,MURICA,2
RNG,3.0,PPR,1
MBDTF,1.0,MKB,1
UCS,1.0,CCI,1
DGAF,1.0,CC,3
TOLD,3.0,EVERYTHING,3
UR,1.0,MD,3
POPULAR,1.0,SU,3
DDDDDDDDDDDDD,1.0,USTIL,1
FX,2.0,LETS,4
NYC,4.0,LIGHTNING,1
GAINZ,1.0,DUCKS,1
BRUH,2.0,SHARKS,1
DD,1.0,PANTHERS,1
BUY,3.0,JETS,1
NICE,1.0,SENATORS,1
STADIUM,1.0,RITO,3
BY,1.0,LCS,8
LAKE,1.0,IEM,2
UNDERGROUND,1.0,HOT,2
PASS,1.0,AMC,2
HIPSTERVILLE,1.0,PUG,1
MSNBC,1.0,AD,8
DAYS,1.0,TRUMP,4
DCCC,1.0,MILLION,1
AILD,1.0,EKOCYCLE,1
YESTERDAY,1.0,SKT,4
TOMORROW,1.0,SSW,7
GIANTS,1.0,DEMAND,1
NORI,1.0,SEVERAL,1
DICE,2.0,REFUNDS,1
HC,3.0,NME,2
FB,2.0,DONALD,2
WD,2.0,CANCELED,1
DLC,3.0,NOTE,2
MURICA,1.0,RIP,13
FOV,1.0,OCD,1
WOKE,1.0,UF,1
AIDS,2.0,PCAT,1
FFS,1.0,MSU,1
FAUX,1.0,WSJ,1
TRIGGERED,1.0,EKSENA,1
BLARGHHRGHARGHLARGH,1.0,GUYS,4
SONY,1.0,ROAD,1
PAY,4.0,CLEMSON,1
QUALITY,2.0,FANS,3
PIXELS,1.0,WOULD,5
PLAY,4.0,PROUD,1
JJ,7.0,CHAIN,1
WATT,6.0,KNOWN,1
EVA,1.0,OBJECTIFYING,1
ONCE,1.0,WOMEN,3
ANTI,2.0,MEDIOCRE,1
SEMETIC,1.0,WINGS,1
GRID,1.0,WARM,1
ICJ,2.0,BEER,1
CONSOLE,1.0,ISN,2
GAMES,3.0,SG,3
RULE,2.0,DNA,9
FUCKIN,1.0,FOM,1
NERD,2.0,BO,12
COMPUTER,1.0,TSM,31
HAHA,2.0,GOTY,4
GO,7.0,THEY,9
DUNGEONS,1.0,CAMERA,1
DRAGONS,1.0,SPACE,1
LOSER,1.0,USSR,5
YEEAAH,1.0,ANYBODY,1
BOOII,1.0,CK,1
REPRESENT,1.0,ASUS,2
BASICALLY,1.0,NC,15
SNF,1.0,PSN,7
MNF,1.0,IL,1
VOID,1.0,ISTJ,2
AIR,1.0,INTJ,2
DDOS,2.0,RFRA,1
WHERE,2.0,SL,4
EYE,1.0,NES,5
EAR,1.0,ONCE,3
PROTECTION,1.0,TWICE,2
DNA,2.0,LIFETIME,1
SPOILERS,2.0,CNS,1
PLEASE,5.0,AMD,11
JOHN,1.0,ROT,1
CENAAA,1.0,HARD,2
KFC,2.0,VOID,2
SLI,3.0,GAMES,1
SPAM,1.0,MARKET,1
NBC,2.0,HODOR,1
DOES,2.0,FML,4
PENIS,3.0,RDS,1
ENNNNNND,1.0,FAILED,1
WTH,1.0,BMW,3
HUGE,1.0,TI,4
WOULDN,1.0,DDD,1
IQ,4.0,DLI,1
TQR,1.0,BLESS,1
LL,5.0,AMERICA,4
FIND,1.0,REAPERS,1
NEXT,2.0,FUN,3
SUNDAY,1.0,MMR,4
NIGHT,1.0,FULL,3
SUUUUU,1.0,WS,1
KR,1.0,EMS,2
FAILED,1.0,CPP,2
LFG,1.0,SINGLE,1
IDK,4.0,SSH,2
IVE,2.0,NRG,5
SPOTTED,1.0,HSA,1
BACK,1.0,FINALLY,3
SOOOO,3.0,CDR,2
ANOINTED,1.0,SGA,1
CAM,1.0,SAIG,1
ST,2.0,CENSORED,1
GEMA,1.0,GPA,5
BOWL,1.0,ACTIVATE,1
SCOREBOOOOOOOARD,1.0,NYPD,3
BITES,1.0,IFB,1
CHVRCHES,1.0,RG,4
LB,1.0,RR,1
FM,2.0,WM,3
CONSERVATIVE,1.0,MITB,1
BRITANNIA,1.0,TLC,1
UF,2.0,HIAC,1
FSU,2.0,CCP,1
MONEY,1.0,MF,4
WHOOSH,1.0,IE,8
STEROIDS,1.0,VR,3
MMA,2.0,SHO,1
RYUU,1.0,SS,10
GA,4.0,SSJ,1
WAGA,1.0,DW,3
TEKI,1.0,EAR,1
WO,1.0,ELI,7
KURAU,1.0,RWBY,1
GIBE,1.0,CNBC,1
HATS,1.0,XD,7
PLS,2.0,OG,3
GIRL,1.0,GEAUX,1
LOOK,6.0,RED,7
SMART,1.0,FTFY,7
TALK,2.0,PP,4
VARIETY,1.0,TELL,3
SUBJECTS,1.0,NOW,8
RACISTS,1.0,UFC,14
XENOPHOBES,1.0,PROJEKT,1
ETH,1.0,NX,5
HF,1.0,AUTOMODERATOR,1
FELICITY,1.0,PLAYING,1
JMB,1.0,NICE,2
CL,2.0,COMMANDS,1
CG,1.0,MAKING,3
RP,3.0,IRRATIONALLY,1
WIFI,2.0,ANGRY,1
ZERO,2.0,TPI,1
LSU,2.0,SSNHQ,1
DRC,1.0,PO,6
DS,5.0,ATV,3
DPC,1.0,GMO,2
BR,1.0,EBT,4
HALO,1.0,ZZ,1
ELF,1.0,FAKE,2
YEAH,4.0,BS,15
LESS,2.0,LF,10
MEME,2.0,EMPTY,1
CONTENT,2.0,LOVE,11
FINISHED,1.0,FF,5
LVL,1.0,EMPHASIS,1
WALLS,1.0,AMIGOS,1
JUCO,1.0,CVT,1
CHAOS,1.0,USAA,1
FPH,1.0,PCX,1
AAA,1.0,UAE,2
BS,2.0,NK,1
YESSSSSSSSSS,1.0,UFO,1
ZZZ,1.0,GIF,5
KIDS,1.0,YA,1
THINGS,1.0,LIBERALS,1
XDDDD,1.0,RUINING,2
FTP,1.0,OUR,4
IANAL,1.0,CHILDREN,3
TED,1.0,LIVES,2
DICK,1.0,DRUGS,1
HIGHLIGHTED,1.0,RAID,1
LEWD,1.0,NECA,1
BOLD,1.0,SAT,1
HB,1.0,NASCAR,5
AIRBOOAAT,1.0,ROR,1
BABBBBBEEEES,1.0,BOURNEMOUTH,1
WSJ,1.0,FPL,1
PT,1.0,DEATH,2
AR,5.0,BATTLE,1
LED,1.0,WIC,2
DRRRAA,1.0,SNAP,1
SHITLORD,3.0,DIFFERENT,2
WI,1.0,BFL,1
UAE,1.0,ACL,3
NASA,3.0,CLG,22
FSA,2.0,PTR,4
ENHANCE,1.0,KYF,1
TOTALLY,9.0,GCSE,1
KC,4.0,NACC,1
BBQ,2.0,SEC,6
KS,3.0,TCP,2
MPH,2.0,PGI,1
TTC,1.0,TSA,9
TLDR,1.0,EDM,1
SRS,3.0,AAC,2
REPUBLICANS,1.0,MKV,1
ANY,3.0,MUST,6
OLED,1.0,STEEN,1
SCOTUS,1.0,SLAVE,1
RB,1.0,NAME,3
NATO,3.0,VOTE,5
CTR,1.0,LIARS,1
DUMPING,1.0,FRUSTRATING,1
WASTE,1.0,DCEU,2
CSM,1.0,TRP,5
TRIGGERING,1.0,LGBTQ,2
MLS,3.0,JDM,1
STFU,1.0,HILLARYCLINTON.,1
HIDE,1.0,COM,1
SEC,3.0,LMFAO,1
XIM,1.0,HEAR,2
LDLC,1.0,YOURSELF,2
EXTREME,1.0,INFP,1
LEVEL,1.0,OCE,3
INTELLECT,1.0,BALLER,1
CCP,1.0,URL,2
FHE,1.0,NMS,1
FH,1.0,WINE,1
PBA,1.0,URSS,1
YUR,3.0,FIFA,9
CULTURES,1.0,COVER,2
EQUAL,1.0,BACKWARDS,1
WEEDS,1.0,LEAST,3
TB,1.0,PLACE,1
FE,2.0,DEFENDER,1
GD,1.0,FRONT,1
KJ,1.0,GOAL,1
EUROS,1.0,AMBUSH,1
SOCIALIST,2.0,SURPISE,1
COUNTRY,4.0,BEAT,4
ROFL,2.0,SKILLERS,1
HOOYAH,1.0,TS,1
DEMENTIAAAAAAAAAAAAAAAAAA,1.0,TIME,9
GSF,1.0,IF,7
SCOUT,1.0,LGD,2
KILLED,1.0,AC,4
TWICE,1.0,AU,1
TRY,1.0,DNM,2
HUEHUE,1.0,GOTO,1
XDDD,2.0,UHD,3
CCW,1.0,HDR,2
GUD,1.0,BPM,1
LMAOBOX,1.0,EC,3
MSI,1.0,ALERT,5
EDG,1.0,GDDY,1
MW,3.0,CJ,5
POUND,1.0,SEOUL,1
BIG,4.0,NATIONAL,1
SHOW,2.0,UNIVERSITY,1
MAGGLE,1.0,GGG,1
SUPLEX,1.0,NEVER,6
CITY,1.0,UEFA,1
HAHAHAHAHAHA,1.0,CRONIES,1
TRIAGE,1.0,TJ,3
BK,1.0,DARE,3
AQ,1.0,NE,4
FSB,1.0,DT,1
ASAP,1.0,WH,2
RPG,3.0,IA,1
RIVAL,1.0,GELDERN,1
DESTRUCTION,1.0,FURDEE,1
UKIP,1.0,VG,2
DEVILS,1.0,INGREDIENTS,1
DIE,2.0,DX,1
GCD,2.0,AWP,2
KMFDM,1.0,KF,5
BUILT,1.0,NM,1
INTO,2.0,DAUGHTERS,2
ERS,1.0,ASAP,2
ENJOY,1.0,MP,5
WILD,1.0,MJ,5
RIDE,1.0,NG,5
SUCKERS,1.0,MISSING,1
KKK,1.0,WAS,10
WHILE,1.0,FIST,2
CHARGING,1.0,BUMP,2
AOL,1.0,ALEXANDER,1
GLAAD,1.0,UNLESS,3
TM,13.0,HATE,2
HELL,2.0,MARS,1
ET,1.0,BARS,1
UNIVERSAL,1.0,WITHIN,1
LET,1.0,DAYS,1
GAYS,1.0,SUFFER,1
DEFILE,1.0,WRATH,1
PUBLIC,1.0,MIGHTY,3
EDUCATION,1.0,FARTDATA,1
SYSTEM,1.0,WARNED,1
DREAM,1.0,DUI,2
THEDREAMBOYS,1.0,RNG,5
USDA,1.0,HS,3
IA,1.0,BP,2
BLNG,1.0,MCU,2
ILB,1.0,UCS,1
RUG,1.0,TIE,1
OTA,1.0,WERE,1
PSN,3.0,UNZIP,1
LTE,1.0,PANTS,1
IE,3.0,UNTIL,3
BWARK,1.0,REALIZED,1
OOTP,1.0,MICHIGANS,1
OCP,1.0,BIGGEST,1
BONUS,2.0,LOVABLE,1
DOESN,1.0,PITBULL,1
NASCAR,2.0,HI,2
VAT,1.0,KEELEY,1
ACC,2.0,STA,1
OTOH,1.0,EMT,1
MYLIXIA,1.0,ZSU,1
DIG,1.0,FBS,2
GROUND,1.0,FCS,2
CSI,3.0,MEN,3
PRICK,1.0,YEAR,3
HITLER,1.0,FOLKS,2
KAD,1.0,REVEALED,1
GPS,3.0,EVIL,2
DH,2.0,NATION,1
METAL,1.0,DUCK,1
GEAR,1.0,AMG,1
RISING,1.0,HL,3
REVENGEANCE,2.0,OHP,1
RATED,2.0,EST,4
BOOM,1.0,OPPRESSION,2
FNAF,1.0,MDMA,4
HL,2.0,DIY,5
OOPL,1.0,TORONTO,2
GUY,1.0,MONEY,1
PHONY,1.0,HAPPINESS,1
TES,1.0,THOUGHT,4
TANGO,1.0,AT,10
JUDGE,1.0,DECENT,1
VLONE,1.0,TEAM,7
LMAO,2.0,MIDA,2
DIS,2.0,HC,5
NEVA,1.0,TLW,1
TNC,1.0,MORE,8
AA,2.0,NS,18
HUSSEIN,1.0,NBA,8
TURKISH,1.0,NLCS,1
MBT,1.0,LGM,1
STI,1.0,HBK,1
REMOVE,1.0,DVD,3
BAGUETTE,1.0,DOCTOR,1
HYPE,2.0,TOLD,2
AHL,1.0,BREASTFED,1
SRD,1.0,MFING,1
RES,2.0,YOLANDA,1
NP,3.0,FINGERNAILS,1
DRM,3.0,WWE,11
WWI,1.0,PVP,4
SIMD,1.0,LEO,2
BASED,1.0,STL,3
GARRISON,1.0,MCC,1
SNP,4.0,RSK,1
OI,1.0,HALO,1
POLL,1.0,DONT,2
MEMBERS,1.0,EXPECT,1
EBOLA,1.0,AFTER,1
EBORA,1.0,FOV,2
LP,2.0,EVERY,13
HDMI,1.0,MALE,2
GF,2.0,ODD,1
UFA,1.0,YESS,1
GAY,1.0,WHATWELEARN,1
KISS,1.0,AMS,1
ASSUME,1.0,FEVER,1
TRASH,1.0,AF,3
RF,1.0,SE,8
XBOX,2.0,JJ,5
SSH,1.0,SOMEBODY,1
MLP,1.0,MAF,1
HILLARITY,1.0,MIC,1
ACHIEVED,1.0,OH,5
FOX,1.0,PI,4
DF,3.0,WHITE,4
LRM,1.0,MATTER,1
TACTICAL,1.0,ICJ,1
INVISIBLE,1.0,HELPING,1
COW,1.0,AVERAGE,2
BELL,1.0,AMERICAN,2
EZ,2.0,WORSE,1
SELL,4.0,CCW,2
TR,1.0,BOOM,1
CBR,1.0,BR,6
PGI,1.0,IRL,5
TOPICAL,1.0,SHUT,2
WHOLE,2.0,PATRIOT,1
MILES,1.0,HUT,1
VNM,1.0,FMLA,2
RHONY,1.0,FUCKABLE,1
LHW,1.0,UTAH,1
FRACTION,1.0,PLAY,5
XFINITY,1.0,CAUSE,1
PSI,1.0,CHOKING,1
ITX,1.0,MITTENS,1
GOG,1.0,NV,4
EVERYBODY,1.0,SLI,2
LIVES,1.0,DEAD,2
CII,1.0,MOTHERFUCKER,1
FYI,6.0,HAHA,3
BASEBALL,1.0,IDIOT,2
MOM,1.0,USES,1
KF,2.0,STEAM,1
PR,3.0,HACK,1
RC,1.0,BANK,1
KOTK,1.0,ACCOUNT,1
BLM,1.0,PROPS,1
LS,1.0,BEST,2
KAKAKAKABAKAKAKAKAKAKABAKABAKAKAKAKAKAKA,2.0,GOALIES,1
BAKAKABABABAKAKABABAKAKABAKAKA,1.0,MONOPOLY,1
KABAKAKAKABAKABAKAKA,1.0,PLUS,1
KAKABABABAKABABABAKABAKABAKAKA,1.0,SEGA,1
KAKABABAKAKAKAKAKAKA,1.0,MAKE,2
KABABAKABAKAKAKAKAKA,1.0,KONY,1
KABABAKABAKABABABAKA,1.0,FAMOUS,1
BABAKAKAKAKABABABAKA,1.0,RB,11
HILARIOUS,2.0,SOON,2
ZNS,1.0,LM,2
NLP,1.0,RM,2
MR,3.0,LB,7
KOA,1.0,STAB,1
KOTE,1.0,IQ,4
HHEEEZA,1.0,HILARIOUS,1
LUV,1.0,QBR,1
WOAHMEN,1.0,BHA,4
HIZ,1.0,AHA,4
LIEF,1.0,PLD,2
OMFG,1.0,DMC,1
LAZY,1.0,AREN,3
BA,2.0,BTW,2
TAKE,2.0,AWESOME,3
SHITT,1.0,KM,2
YBLIEFS,1.0,MSG,2
CHRISITANTY,1.0,BAM,2
RTS,1.0,EXIF,1
APR,1.0,ITT,7
MT,1.0,ACPD,1
HDR,1.0,APS,1
CB,1.0,HIV,1
XBL,1.0,SEEKING,1
GS,1.0,PLAYERS,1
GBA,2.0,STAY,1
MP,1.0,COLLEGE,1
MLK,1.0,LIKE,5
KHL,1.0,TWO,3
FALSE,1.0,SQUARED,1
SSS,1.0,DDDDISO,1
AWP,1.0,OOOOOOO,1
GODDDDDDDD,1.0,UNTERM,1
CM,3.0,UNGEGN,1
DUI,1.0,THINK,3
MTF,1.0,DJ,3
CAUSE,2.0,SUV,1
VOIP,1.0,WJC,1
SAM,1.0,ARK,2
WORRIED,1.0,SAE,1
GLOBAL,2.0,LOW,2
WARMING,1.0,AMMO,1
IF,5.0,SOUND,1
DEGREES,1.0,WEAR,1
CELSIUS,1.0,GLASSES,1
CANADA,1.0,NARCISSIST,1
HOF,1.0,ASSHOLE,1
BYU,1.0,GONNA,6
CREAM,1.0,SLUT,1
COOOOL,1.0,MLS,5
FOI,1.0,STFU,1
MM,1.0,POST,4
PP,1.0,WOLVES,1
HAHAHAHAHAHAHAH,1.0,WIN,4
CLEVER,1.0,OPENER,2
CHINA,1.0,OVER,1
SOCIALISTS,2.0,GRIZZLIES,1
SEDUCE,1.0,RYUUJIN,1
FALL,2.0,KEN,1
LOGIC,1.0,WO,1
UNDENIABLE,1.0,KURAE,1
SEAL,1.0,DV,2
FIRE,1.0,BBQ,4
MISSION,1.0,BDO,1
ACCOMPLISHED,1.0,GS,3
VPN,2.0,LINEUPS,1
GFK,1.0,BIOS,1
BLIND,1.0,FCPX,1
LIVE,1.0,BYE,1
SIN,1.0,DRS,1
CASE,1.0,LFR,1
FP,1.0,INSTANCE,1
CONDEMN,1.0,OWNER,1
PULL,1.0,COULDN,1
FACE,1.0,HANDLE,1
DIRT,1.0,RIDICULOUS,1
ERECT,1.0,BVS,1
UNLIMITED,1.0,BYU,6
POWERRRRRRRR,1.0,UCF,2
RAPE,2.0,WVU,1
SEX,1.0,SSN,2
POWER,2.0,TPC,1
CSGO,1.0,DPC,1
POSSIBLY,1.0,ELF,1
AMDDREAMS,1.0,ROGUE,1
VETOED,1.0,STAR,1
CIS,1.0,WARS,1
KMH,1.0,STORY,1
TURN,1.0,HOW,9
HERE,4.0,LOOT,1
FAKED,2.0,CLUB,2
QQ,1.0,PBE,7
USPHS,1.0,DRM,4
NOAA,1.0,NDP,2
ROTC,2.0,OSU,5
CAP,1.0,GMT,5
FIA,1.0,TX,2
JVR,1.0,IPSO,1
AV,2.0,DFAC,1
TRUE,2.0,WIP,1
OX,1.0,QUICKSHOT,1
ADHD,1.0,LOOKS,1
SJWS,1.0,CHICKEN,1
PSVR,1.0,NERD,1
BSF,1.0,MONSANTO,1
CAB,1.0,SHILL,1
TBOWYB,1.0,ISU,1
YO,1.0,GDP,2
MISSED,1.0,IMHO,2
FIVE,1.0,TBM,3
YEARS,1.0,LSD,7
SAFE,2.0,POSSIBLY,1
SPACE,2.0,TEORY,1
LIBCUCKS,1.0,IZ,2
CRAAASH,1.0,DAT,1
BOOOM,1.0,CHEECUH,1
DWORD,1.0,RLY,1
TMZ,1.0,BENG,1
POSTED,1.0,CONTRELLD,1
AUTHOR,1.0,BAI,1
AW,1.0,CUPKAIK,1
HOUSSEIN,1.0,DUN,1
MASON,1.0,HAIT,1
WEWLAD,1.0,RIGHT,8
TIRED,2.0,MURRDURR,1
WORKED,1.0,MTV,1
KB,2.0,BILLIONS,1
HAARP,1.0,CORN,2
WOLOLO,1.0,COOOOOOB,1
VATS,1.0,KEBAAAAAAAB,1
CENSORSHIP,1.0,LEWD,1
BACON,1.0,MSM,1
GMT,1.0,BVB,1
QMJHL,1.0,BVBII,1
SEAD,1.0,HECKIN,1
POV,2.0,SNEK,1
WOAH,4.0,EVER,5
FILTER,1.0,DB,6
BRRRRRRRRRRRRRRRRRRRRRRRRRRRT,1.0,HG,2
SP,2.0,UGA,1
AAAHHHHWWWOOOOO,1.0,PT,4
WINDOWS,1.0,CARE,2
XB,1.0,DOESNT,1
OLD,2.0,EFFECT,1
THESE,2.0,BEDROOM,1
HARDWORKING,1.0,LEAVE,3
DEVS,1.0,WALLET,1
GALL,1.0,BIGOT,1
DEMAND,1.0,PKA,2
PAID,1.0,CATS,1
WORK,3.0,CBC,3
CZ,1.0,VISA,1
OVERWATCH,1.0,TY,2
LICENSE,1.0,AUSTON,1
FOUND,1.0,MATTHEWS,1
BLIZZARD,1.0,HEART,2
SEL,1.0,CONFIRMED,2
FFX,1.0,NEB,1
AMG,1.0,AR,10
LG,1.0,LRM,2
XDA,1.0,PAUL,1
PL,2.0,WA,4
CHRISTIAN,1.0,NYG,1
MSRP,2.0,NYJ,1
MO,1.0,GHW,1
UEFI,1.0,GW,6
FDA,1.0,KA,4
KP,1.0,KTS,1
PBS,1.0,INSIGHT,1
BBC,4.0,CEVO,1
TE,1.0,EB,1
EXCEPT,2.0,HID,1
PROBABLY,1.0,SW,3
TASTED,1.0,INVEST,1
HAHAH,1.0,WURLD,1
FDR,1.0,EXCITED,2
ISIL,1.0,OCC,1
CHEW,1.0,SOS,1
LETHAL,1.0,SECE,1
WEAPON,1.0,NZ,2
JP,1.0,NHL,17
WITCHES,1.0,FT,3
COP,1.0,ISO,1
VOYBOY,1.0,DBH,1
ESEA,1.0,NHS,2
ADMINS,1.0,SKSE,1
SERIOSULY,1.0,DPRD,1
WHATA,1.0,PKS,2
FIGHT,1.0,MPR,1
DAY,3.0,PTSD,3
LMFAO,1.0,UHC,1
JANUS,1.0,SPREAD,1
LETS,3.0,WORD,1
GOOOOOO,1.0,GEO,1
FCC,2.0,EUW,2
GRRM,1.0,REPEAT,3
HG,1.0,CODE,2
SIGN,1.0,GRAND,1
COMCAST,1.0,FINALS,1
FASTEST,1.0,HIGHLIGHT,1
MOST,3.0,MOVIE,2
RELIABLE,1.0,AAPL,1
HOME,1.0,STARTED,1
FI,1.0,PUMPED,1
OU,1.0,JACKED,1
UGH,2.0,MGO,2
DOWNGRADED,1.0,IB,2
GFX,1.0,MH,2
YHWH,1.0,ECHL,1
BP,2.0,WWOOOOOWWWWW,1
DRIVING,1.0,AAAAWWW,1
MIA,2.0,NMM,2
HAHAHAHAHAHAHAHA,1.0,BAH,2
SSBM,1.0,AIP,1
PVP,1.0,ASICS,1
ABSOLUTELY,1.0,PTV,1
FINE,1.0,TOO,4
DIABETIC,1.0,COINCIDENCE,1
BROWNIES,1.0,WELCOME,1
ARAM,1.0,CLOWN,1
MESS,1.0,FIESTA,2
HAV,1.0,WATCH,1
LIVESTREAM,1.0,IDF,2
LINK,1.0,TITLE,1
TONITE,1.0,SHITTY,1
FD,1.0,GRAMMAR,1
MOTHER,1.0,CEMU,1
MB,8.0,SWORD,1
ATI,2.0,SOIAF,1
NORM,1.0,EDG,3
GREEN,1.0,PPV,1
LAN,3.0,EVE,1
BADHISTORY,1.0,TEST,1
INTERWEBS,1.0,MUH,1
SERIUS,1.0,TRIAGE,1
BUZNESS,1.0,LEVEL,3
GUIEZ,1.0,IPL,2
XNA,1.0,MISS,1
GOT,2.0,KGB,2
LUCKY,1.0,NOVEMBER,1
GOOD,4.0,URF,1
SHOTS,1.0,TOTAL,1
SPICE,1.0,DIVAS,1
BODY,1.0,IGC,1
WASH,1.0,BLESSINGS,1
POWERFUL,2.0,MASSIVE,2
BREAK,1.0,ASKED,2
THROUGH,1.0,XBONE,1
COMMMMEEEERRRRCCCCIIIIAAAAALLLLSSS,1.0,ERS,1
HAES,1.0,FN,2
DOLLARS,1.0,APFT,1
CE,2.0,IGE,1
ITEMS,1.0,LOWER,1
XV,1.0,LIKELIHOOD,1
WERE,1.0,ROBLOX,2
TWIX,1.0,CVS,1
JAFC,1.0,ET,3
BTW,2.0,BOTS,1
AS,2.0,FIT,1
MMORPG,1.0,BJA,1
GI,1.0,SNES,3
SU,1.0,DL,4
DV,1.0,JOKE,1
GUESS,1.0,URGENT,1
MEL,1.0,BLM,5
PATRICK,1.0,KC,2
MAROON,1.0,VP,5
PLAYER,1.0,YB,1
PNW,1.0,SM,3
DBZ,1.0,SRP,1
CFA,1.0,MBA,2
OCTOTHORPE,1.0,UKM,1
UNEDUCATED,1.0,FEV,1
SWINE,1.0,FANDOM,1
JIDF,2.0,DISAPPOINTED,1
BEAT,1.0,VAST,1
JR,2.0,NOONE,1
BMW,2.0,BWB,1
ASA,1.0,AMX,1
XNU,1.0,SCARY,1
NONE,1.0,SAYS,2
WOOOOOO,1.0,CPD,1
LOLOLOL,1.0,GRUB,1
NJ,1.0,PE,2
HARDER,1.0,RF,7
SHUT,1.0,BBUS,3
THEM,1.0,RMIS,3
COME,1.0,FAR,2
AKA,1.0,EMN,1
BEHOLD,1.0,DATS,1
AUTOMAN,1.0,WOMAN,1
THATD,1.0,RBR,1
BEST,2.0,LTE,4
COMBO,1.0,SMR,1
SPARE,1.0,LESS,1
ULA,1.0,AUSTRALIANS,1
MMK,1.0,MASH,1
AGREE,1.0,IIT,1
AMIABLY,1.0,PARAVINE,1
FIFA,2.0,NFLPA,1
INAPPROPRIATE,1.0,CAS,1
ACKSHUALLY,1.0,UV,3
CC,2.0,GAS,1
MEGATHREAD,1.0,DMG,2
MF,2.0,UPTRUMP,1
SALE,1.0,DONALDS,1
LEAKED,1.0,DOCK,1
SOUTH,1.0,DAISYS,1
PARK,1.0,GARDEN,1
MODERATE,1.0,MML,1
PRETEND,1.0,BRRRGH,1
RHNB,1.0,DDL,3
GTAV,1.0,PART,2
NATE,1.0,DONE,2
SILVER,1.0,VPN,4
SAYS,1.0,TOR,2
FC,1.0,CBA,1
SHEET,1.0,HNMUN,1
PSA,1.0,OHS,1
TAX,1.0,FX,6
RICH,1.0,IPC,1
CALM,1.0,WDYWT,1
SASH,1.0,TEM,1
CO,3.0,EX,1
KAAA,1.0,WIVES,1
LIIIIIIIII,1.0,UPSET,1
MAAAA,1.0,EULA,2
OMS,1.0,AFAIK,2
GUN,1.0,LGPL,2
CANT,2.0,LAG,1
SHOT,1.0,PRODUZIONE,1
RESERVES,1.0,INDUSTRIALE,1
DM,3.0,NUMERI,1
LSSJ,1.0,DI,1
DVR,1.0,DISASTRO,1
LEAAAAVES,1.0,CHE,1
DDDDDDDDDDDDDDD,1.0,NON,2
AMERICAN,1.0,PRECEDENTI,1
MOMENT,1.0,PREMIUM,1
AREN,2.0,BANDITS,1
GODDAM,1.0,AMBITIOUS,1
WOOOOOOOOOOOOOOOOOOOOOOOOOOOOOOOOOOOOOOOOOOOOOOOOOOOOOOOOOOOORLD,1.0,DEED,1
CLICK,1.0,UNPUNISHED,1
WOMEN,2.0,IFIFIFIF,1
LSD,1.0,TAS,2
REM,1.0,CONSPIRACY,2
MBP,1.0,FALSE,2
SOMA,1.0,FLAG,3
TFW,1.0,OPERATION,1
IP,2.0,GIVE,2
FO,1.0,POWER,2
FIXME,1.0,CONCENTRATION,1
SF,5.0,CAMPS,1
CMA,1.0,TMZ,1
CGM,1.0,IDK,3
HTML,1.0,PLAYER,1
PHP,1.0,METAL,1
CSS,1.0,GEAR,1
SQL,1.0,RISING,1
AFK,2.0,REVENGEANCE,1
ONLEH,1.0,AGAINGENCE,1
ORK,3.0,RX,7
CUN,1.0,QUEUE,2
CAL,1.0,CAUTION,1
ANODAH,1.0,MPH,2
VIDEO,1.0,JD,2
MGO,1.0,EZ,7
FICTIONAL,1.0,AH,5
CHECK,1.0,HOF,1
PRIVILEGE,1.0,GL,1
HIMSELF,1.0,GTFO,1
ESPECIALLY,1.0,VDI,1
FTC,1.0,TONS,1
DFG,1.0,XNA,2
ADC,1.0,WMMA,1
NIMBLE,1.0,CFMEU,1
NAVIGATOR,1.0,RPS,1
IPC,1.0,FUT,1
MBTA,1.0,SIF,1
BPA,2.0,MDPV,1
CT,1.0,HO,2
VT,2.0,MET,1
NT,1.0,MXE,2
POSITIVITY,1.0,WOOOHOOO,1
ZUUL,1.0,BDSM,1
MOVES,1.0,FD,3
TRP,1.0,ATTENTION,1
LIBOR,1.0,RUSSIA,1
MC,1.0,WANTS,1
VP,3.0,PUT,2
BILLIONS,1.0,REGULAR,1
MPC,1.0,OHMYGOD,1
NL,1.0,AMAZON,3
QC,1.0,HIGH,3
ARK,1.0,CASTLE,1
DOZER,1.0,SHOCKINGLY,1
BALLS,1.0,FAAB,1
WORLDS,1.0,TE,4
YUP,1.0,MOD,1
TANK,1.0,WOT,1
SELF,1.0,IFV,1
DEPRECATING,1.0,WRX,2
RAPTORS,2.0,ADOM,1
FAN,1.0,AUTO,2
GQ,2.0,LOSE,1
JDM,1.0,DAP,1
TAMU,1.0,HFLC,1
UGA,1.0,VC,1
XL,2.0,PENALTY,1
OLDS,1.0,ITV,1
LEAGUE,1.0,DPOY,2
BACKSLASH,10.0,ESF,1
MIDI,1.0,RPG,4
SILVAH,1.0,DIAF,1
CHARIOTU,1.0,SAS,1
BECOME,1.0,WWI,1
GRATITUDE,1.0,SHUSH,1
ITSELF,1.0,GHA,1
ANGEL,1.0,DITCHY,1
HAHAHAHAGAGAGAHAHAHAHAHAHAHAHAHAHAHAGA,1.0,UMD,1
SG,4.0,PERSONALLY,1
FN,1.0,TECHNICALLY,1
BEEN,1.0,THIRD,1
QUEUE,1.0,PARTY,3
MINUTES,1.0,CIVIL,1
MSU,1.0,WAR,1
TD,1.0,TNO,1
AJ,1.0,RTF,1
XDDDDDDDDDDDDD,1.0,FOREVER,2
RSS,2.0,VM,4
CFB,1.0,NUMA,1
ARCHER,1.0,HENCEFORTH,1
SE,1.0,CALL,4
NIN,1.0,SHENANIGANS,1
PUPPY,1.0,ADS,2
OCTOBER,1.0,SANE,1
EPL,4.0,EARTH,1
MOVING,2.0,COMMENCE,1
ER,1.0,HOOLIGANISM,1
FASCIST,1.0,SECTIONS,1
PIECE,1.0,PRODUCT,1
PINEAPPLE,2.0,TOTALLY,3
PIE,1.0,GAY,3
FCS,2.0,SANTA,1
GGNBC,1.0,SNSD,1
CANNED,1.0,SEES,1
NYT,1.0,NAKED,1
ISIC,1.0,ASTAZI,1
BO,1.0,COMPLETELY,1
OB,1.0,THUG,1
WHATS,1.0,YESSSS,1
WORSE,2.0,MLP,1
CARD,1.0,TOTW,1
SHOWS,1.0,XBH,1
VOTE,2.0,STAND,1
RUINING,1.0,BOX,1
HIPSTER,1.0,CONSIDER,1
CRED,1.0,GLC,1
OUTRAGE,2.0,JL,3
THOS,1.0,SUBMIT,1
LAPD,1.0,LOVES,1
DX,2.0,REEEEEEEEEEEEEEEEE,1
TIFY,1.0,MIGRANT,1
ZZZZZZZZZZZZZZZZZZ,1.0,PMK,1
WAITING,2.0,TESD,1
ZZZZZZZZZZZZZZZZZZZZZZZZZZZZZZZZZZZZZZZZZZZZZZZZZZZZZZZZZZZZZZZZZZZZZZZZZZZZZZZZZZZZZZZZZZZZZZZZZZZZZZZZZZZZZZZZZZZZZZZZZZZZZZZZZZZZZZZZZZZZZZZZZZZZZZZZZZZZZZZZZ,1.0,UKIP,1
KULLS,1.0,CL,3
BRUHHH,1.0,IMEI,1
BLOOD,1.0,WEEOOOWEEOOWEEOO,1
STRIPES,1.0,XFINITY,1
SERVICE,1.0,PSI,1
CORELLIA,1.0,PING,1
DURING,1.0,ABSOLUTELY,1
IMPERIAL,2.0,FREE,5
COULDN,1.0,NSW,1
TAKEN,1.0,PBN,1
AWAY,2.0,MIU,1
DISHONORABLY,1.0,ANU,1
DISCHARGED,1.0,BIFL,1
REWARD,1.0,NIC,2
PLEBE,1.0,WRLD,1
DGC,1.0,SOL,1
RAND,1.0,BEARS,1
AMRAP,1.0,QW,1
SMT,1.0,EW,1
PORN,1.0,BJ,2
BITCHES,1.0,BUFFY,1
SOURCE,1.0,BASEBALL,1
SFV,1.0,MSL,1
SLAAAAAAAAY,1.0,UBI,1
QUEEN,1.0,HTTT,1
MOD,1.0,GARANTEEDD,1
OHG,14.0,BASIC,1
REVISIONNIST,1.0,PERSONAL,1
CUCK,1.0,INCOME,2
HPV,1.0,DAWKO,1
AEDT,1.0,PLAYS,1
QLD,1.0,NIGHT,3
CDG,1.0,COMPLETE,1
GARY,1.0,AIDS,5
ANDERSON,1.0,GUID,1
PLO,1.0,MRI,1
OT,2.0,NMR,1
WDW,1.0,KY,1
FORGOT,1.0,GREATEST,1
DEFENSIVE,1.0,SMT,2
OFFENSEMEN,1.0,DBZ,1
WILLIE,1.0,ATL,2
WILLIAMS,1.0,BKN,1
AKHAND,1.0,SMH,1
KI,1.0,BACKDOOR,1
JAI,1.0,SLUTS,1
OSU,1.0,DIS,1
SKC,1.0,WASD,3
SCIENCE,1.0,ESDF,6
SA,2.0,JS,2
EL,1.0,BABABAKABABABAKAKAKABAKAKAKABA,1
BOM,1.0,BABABAKABABABAKAKAKABAKABABABABABAKAKABABABABABABA,1
ANYONE,1.0,BABABABAKABABABABABABAKABAKABABABABABABA,1
DAILIES,1.0,BAKABABAKABABABABABA,1
FILTHY,1.0,BAKAKABAKABABABABABABAKABABABA,1
FKIN,1.0,BAKAKABABABAKAKAKABABAKAKABAKA,1
CASUAL,1.0,AIO,2
SAVE,2.0,PDF,3
HERSELF,1.0,WPA,1
TBM,2.0,HELLO,1
FTSE,1.0,SCIENCE,1
BATTERIES,1.0,GER,1
HEAVY,1.0,KOTOR,3
SWG,1.0,TODAY,4
POTG,1.0,HEZATWENNYYEEEEEEERSKRAITE,1
WAKE,1.0,TUH,1
RECORDS,1.0,WERK,1
AINT,1.0,TAAAAAAAAHAM,1
GOTTA,1.0,PEYTON,1
NIGGA,2.0,BACK,3
CELL,1.0,KFC,1
HTPC,1.0,MO,2
LOTO,1.0,NP,3
EUW,1.0,AHL,2
GDDR,1.0,LS,2
DYRUS,1.0,WHS,2
EM,1.0,ULQ,1
HURR,1.0,POV,2
DURR,1.0,ITM,1
FAWK,1.0,MODS,1
IZLAWM,1.0,FFVII,2
NBN,1.0,TLG,1
DEMOCRATIC,1.0,MCS,1
SAS,1.0,JCW,1
MTV,1.0,MRM,2
NPC,1.0,HHH,1
CP,1.0,MOTHERFUCKING,1
AAP,1.0,BOUNCY,2
FAMILY,1.0,HOUSE,1
EXPLODES,1.0,MELTING,1
RO,1.0,MOTD,1
KNUCKLES,1.0,KLK,1
UPGRAYEDD,1.0,WHATEVERTHEHELLSENKETSUISCALLED,1
VEGANISM,1.0,BANNED,1
CARNIST,1.0,PFM,2
KAT,1.0,FSC,1
PBSC,1.0,SUPER,3
FAU,1.0,MEGA,1
CLASS,1.0,GIVEAWAY,1
GPA,1.0,MARCH,1
REP,1.0,LE,2
VALHALLA,1.0,CANCER,2
JERBS,1.0,LOLOL,1
HSBC,1.0,CUCK,1
RBS,1.0,ETH,1
ULTRA,1.0,SAM,1
PLUS,1.0,MAY,2
MAX,1.0,PLAYOFFS,2
MINECRAFT,1.0,SWEEP,1
FAIR,1.0,OPPONENTS,1
JFD,1.0,BLESSED,1
EUI,1.0,NOTHING,3
TMI,1.0,DEGREE,1
GUI,1.0,WEATHER,1
DUNNNNNN,1.0,HOLE,1
MODAL,1.0,ONES,1
REEEEEEEEEEEEEEEEEEEEEEEE,1.0,ADHD,2
TLA,1.0,TUNICA,1
NZ,1.0,COLOURS,1
LZL,1.0,UL,2
ESS,1.0,SHOOT,1
JAY,1.0,TARGET,1
DUBLEYEWS,1.0,IG,2
HK,1.0,JIDF,1
INSTITUTION,1.0,FORCE,2
GAMERZ,1.0,SEE,2
EATING,1.0,BBEG,3
GRASS,1.0,ITSELF,1
ALWAYS,2.0,DARPA,1
NFPA,1.0,BH,6
NWO,1.0,VB,1
ISP,1.0,GWG,2
GP,2.0,WTC,2
FAC,1.0,XJQB,1
IRS,1.0,IGDP,1
BWI,1.0,VLLKO,1
BAM,1.0,ETFAB,1
YNAB,1.0,HKCHA,1
WEEK,1.0,LQ,1
CINCINNATI,1.0,KW,1
SOGGY,1.0,TJDDFHABHA,1
KNEES,1.0,YLLCHGCFFG,1
PUSSY,1.0,CGCEIQXATD,1
CTO,1.0,ACIDIC,1
ISNT,1.0,SWAMP,1
TERRORIST,1.0,OOZE,1
PATIENT,1.0,LP,3
XBO,1.0,AZ,4
FF,3.0,XVI,1
LD,1.0,NAZI,1
DIY,1.0,ALCS,1
AFTER,1.0,TIP,1
MONTANA,2.0,BRUTAL,1
CLOSE,2.0,INSANE,1
WING,1.0,IR,2
UTAH,1.0,RH,1
FACILITY,1.0,PRUDE,1
WM,1.0,PCP,1
HM,2.0,IAS,1
PRO,2.0,PPA,1
SKUMBAG,1.0,JSON,1
REGINALD,1.0,XML,1
LOT,1.0,AV,10
GOLD,1.0,STEM,1
RULEZ,1.0,IU,1
UV,1.0,SMB,1
KUMM,1.0,PCT,2
CNS,1.0,MU,1
BEAUTIFUL,1.0,HAPPENS,1
VRAM,1.0,ACTOR,1
RI,1.0,SCOTT,1
IV,1.0,BAIO,1
UC,1.0,ENDORSES,1
BG,1.0,PRESIDENT,1
MODS,1.0,PMSL,1
RUIN,1.0,NIMBY,2
ZOMG,1.0,PSY,1
HORN,1.0,BITCH,4
MAGA,1.0,DKIM,2
PF,3.0,BALL,1
IDIOT,1.0,FREAKING,3
DP,1.0,STORM,2
BW,1.0,FIRE,1
LEGALIZE,1.0,CIS,1
GODS,1.0,RAF,2
SAKES,1.0,YMMV,3
COCKY,1.0,EXACT,1
SHITPOST,1.0,ACKNOWLEDGE,1
ISSUES,1.0,JONTRON,1
WEREN,1.0,SNAKE,1
TISSUES,1.0,WOLF,1
MI,1.0,SR,3
WEED,2.0,WRC,1
LUNGS,1.0,TR,7
CFL,1.0,SAO,1
IIT,1.0,DISNEY,1
ADS,1.0,XR,2
GODSEND,1.0,OFF,3
PREM,1.0,USL,1
MASTER,1.0,TNA,4
RACE,1.0,BURYING,1
KH,1.0,TVC,1
BOOTYLICIOUS,1.0,VO,1
TAPOUT,1.0,BJJ,2
AXE,1.0,SFW,2
GMS,1.0,BSF,2
KMS,1.0,POW,2
RTFA,1.0,BL,2
MEMED,1.0,TPS,1
HAWAII,1.0,UVHM,1
TRADE,1.0,CHANGED,1
FARM,1.0,HIKO,1
TALIB,1.0,LEFT,2
SINCE,1.0,SURGERY,1
GETS,1.0,THATS,1
HURT,1.0,SHAZAM,1
NEEDS,1.0,JOINED,1
DPD,1.0,LOGIC,1
PEW,1.0,HTC,4
DDR,1.0,HEATFS,1
RFC,1.0,OMAR,1
PBE,1.0,LISTENIN,1
NDP,3.0,BNP,1
UG,2.0,META,2
HARAMBE,1.0,MSI,4
ACDC,1.0,FNC,3
BDSM,1.0,KOO,1
GWB,1.0,LCK,2
WEEB,1.0,AHQ,4
PBN,1.0,IMT,2
LUL,1.0,YS,2
CRUTCH,1.0,GMB,1
DOOM,1.0,GBM,1
EVERYWHERE,1.0,SSB,3
WAT,1.0,LMS,1
TALKIN,1.0,VIT,1
BOUT,1.0,DWORD,1
INB,1.0,LL,5
LBGTQ,1.0,COULD,1
CHANGE,1.0,EJ,1
HDP,1.0,VK,1
EXTRA,1.0,CLASS,1
DAMNIT,1.0,CSPAN,1
HAMAS,1.0,NUMBERS,1
PGP,1.0,MASON,1
REEEEEEEE,1.0,SI,2
NORMIES,1.0,FHD,1
REEEEEE,1.0,PINK,1
XXXL,1.0,DEF,2
TON,1.0,CLE,1
CIC,1.0,JVM,1
LAAST,1.0,GUNS,1
TFC,1.0,TODDLERS,1
YOLO,1.0,RMA,2
CJ,1.0,TRAINED,1
NES,1.0,AMV,1
BREITLING,1.0,TALKING,1
ZSS,1.0,HYPED,1
RJ,1.0,YO,1
ASUS,1.0,ADD,1
CLASSIC,1.0,SOMEONE,3
FLAGSHIP,1.0,GOLD,1
BREW,1.0,NPA,1
CREW,1.0,ASG,1
APHRO,1.0,LPS,1
LT,1.0,ABA,1
FTL,1.0,INTO,5
EVEN,1.0,EXPECTATIONS,1
PU,1.0,CUNT,1
HAHAHAHAHAHAHA,1.0,STRANGER,1
PTSD,1.0,THING,2
AMRIRITE,1.0,EXPECTATION,1
DAAAAAAAAAAAAAAAAAAAAAAAAAAAAAAAAAAAAAAAAAAAAAMN,1.0,HYPE,2
REKT,1.0,BULLYING,1
DYING,1.0,OPPRESSIVE,1
MERKED,1.0,THAN,1
POPGOES,1.0,YOURS,1
UMH,1.0,PRETEND,1
TCS,1.0,TM,1
HRD,1.0,WASN,1
DEPRESSION,1.0,PD,2
ARMA,1.0,MAYBE,3
RIGGED,1.0,MOTM,1
BMI,2.0,HIGHEST,1
APAP,1.0,PER,1
REASONABLE,1.0,CAPITA,1
ENTERTAINED,1.0,ENERGY,2
FYE,1.0,LGBTTQQFAGPBDSM,1
PNWS,1.0,POSSIBLE,1
HUGTAINED,1.0,KLWM,1
DWS,1.0,ACQUIRE,1
NXT,1.0,OPINION,2
NAACP,1.0,VIII,1
PASSING,1.0,FFVIII,1
PROLIFIC,1.0,FFIX,1
JOHNNY,1.0,FFVI,1
HOCKKEYZZZZZZZZZZZZZ,1.0,FFX,2
NNNNNOOOOO,1.0,RAINING,1
SIR,1.0,LOVED,2
FAM,10.0,ATT,1
PEP,1.0,DDR,1
RAUS,1.0,MSVCP,1
LEGIT,1.0,UEFI,1
SIMILAR,1.0,FDE,2
ARCADE,1.0,MFLB,1
SONA,1.0,HELL,1
RITO,1.0,OHIO,2
HYPED,1.0,STATE,3
NSW,1.0,NUMBER,2
BD,1.0,QUALI,1
QUIT,1.0,KHL,1
ABLEIST,1.0,GDQ,1
CISSHIT,1.0,BRADY,1
KINGS,3.0,QUINN,1
DUCKS,2.0,BIRTHDAY,2
FLAIRS,4.0,LGS,1
SHARKS,2.0,TMK,1
SUB,1.0,SHOULDVE,1
PRICELESS,1.0,DRANK,1
PUDGE,1.0,TEA,1
MID,1.0,VLC,1
GAP,2.0,HAWKS,1
UNDER,1.0,BABY,2
FUCKS,1.0,MSNBC,4
NICK,1.0,MURRCA,1
YOUNG,1.0,REQUIRE,1
LGTBQ,1.0,ATTACK,1
COPD,1.0,BAMF,1
YT,1.0,FWD,6
BOLC,1.0,DANG,1
VAGIIIIIIIIIINAAAAAAAAS,1.0,ILLEGALS,1
USTZ,1.0,ROBBING,1
SWI,1.0,COUNTRY,1
QUINN,1.0,HSPA,1
ELLE,1.0,BKB,2
BRADLEY,1.0,HOH,2
TRAIN,1.0,SQ,4
BRAKES,1.0,OHL,1
SB,2.0,EAT,1
SUBREDDIT,1.0,TALKS,1
UAV,1.0,GOING,3
SK,1.0,MAD,1
GWG,1.0,SKU,1
COOOONTAAACT,1.0,GSW,1
HBR,1.0,MG,4
ENOUGH,1.0,CFX,1
SOS,1.0,LIE,1
WAKA,4.0,TRUTH,1
GOSH,1.0,ROFL,1
GEEZE,1.0,API,2
VIOLATING,1.0,EXPLICITLY,1
RIGHTS,1.0,NYCFC,2
MISOGYNY,1.0,BJK,2
REASON,1.0,UNINTERRUPTED,1
RACISM,1.0,KO,1
FATPRIVILEGE,1.0,LOOOOOOOOOOOOOOOOOOOOOOOOOOOOOL,1
READ,1.0,LED,3
BILL,1.0,OEM,1
STUPID,1.0,USER,1
IRBALLER,1.0,HIT,1
LOOKS,1.0,MAGE,1
SOMEBODY,1.0,MELEE,1
EMBARK,1.0,STATS,1
CRUSADE,1.0,RANGE,1
GCN,1.0,ASS,1
BRINGBACKJIJI,1.0,SSBM,1
WON,1.0,JLU,2
HERO,1.0,DIG,1
ASU,1.0,SUNY,1
JOOS,1.0,PCL,1
MOON,1.0,HMB,2
LANDING,1.0,LR,1
HOBBY,1.0,BDU,3
DEALING,1.0,MBP,2
CARS,1.0,XT,3
FUN,1.0,WL,1
HAHAHAHAHAHAHAHAHA,1.0,JRPG,1
VS,1.0,GGC,2
REEEEEEEEEEEEEEEEEEEEEEEEEEEEEEEEEEEEEEEEEEEEEEEEEEEEEEEEEEEEEEEEEEEEEEEEEEEEEEEEEEEEEEEEEEEEEEEEEEEEEEEEEEEEEEEEEEEEEEEEEEEEE,1.0,FH,2
MARCH,1.0,VALVE,1
VOTED,1.0,SCOTUS,2
SOON,1.0,REGISTERED,2
IOW,1.0,MILLIONTH,1
,,BILLION,1
,,DOLLARS,1
,,USF,1
,,DDOS,1
,,KH,1
,,LW,1
,,NBCSN,1
,,UHMW,1
,,FAIR,1
,,THREE,1
,,DOLLAR,1
,,SURE,1
,,GOILERS,1
,,METER,2
,,SBC,1
,,BB,4
,,KNEW,1
,,FRUIT,1
,,PNW,2
,,GBWC,1
,,DOMS,2
,,TREAT,1
,,GLORY,1
,,DESERVE,1
,,FRIEND,1
,,WN,1
,,HIFW,1
,,LIVID,1
,,STD,1
,,PSS,1
,,ROUND,1
,,THROWS,1
,,RS,2
,,FDR,2
,,RLCS,1
,,LINK,1
,,ROFLMAO,1
,,THEYRE,1
,,DIDN,4
,,HAPPEN,1
,,XXXXL,1
,,TG,1
,,PVC,1
,,RHODE,1
,,ISLAND,1
,,CHEESE,1
,,ACTUALLY,3
,,POISON,1
,,HVT,1
,,ASL,1
,,ROCKET,1
,,CARS,1
,,MPAA,1
,,PNG,1
,,FXX,1
,,KU,2
,,DH,4
,,NERF,1
,,XERATH,1
,,PRISE,1
,,SHOULD,3
,,RDA,2
,,JC,1
,,CAG,1
,,WOULDN,1
,,HDX,1
,,WITCH,2
,,BURN,1
,,SND,1
,,CZW,1
,,SBU,1
,,XDXD,1
,,HAET,2
,,MAPTAP,3
,,ALSO,1
,,RELEASE,1
,,BAG,1
,,HEROIN,1
,,MOUTH,1
,,WON,1
,,REMOVE,1
,,HALLELUJAH,1
,,UNLOCKS,1
,,SPDR,1
,,ETF,1
,,UI,5
,,GBF,1
,,NL,2
,,OBP,1
,,OPS,1
,,NIP,1
,,USC,5
,,NOSE,1
,,KNOWS,1
,,OSX,1
,,HUD,3
,,BFBC,1
,,SHIIIIIIT,1
,,GDD,1
,,HIM,2
,,PUR,1
,,OVERTAKES,1
,,CLINTON,1
,,NEVADA,1
,,BLUE,2
,,GEM,1
,,INDEX,1
,,SP,3
,,DMR,1
,,DRIVES,1
,,KART,1
,,MARIO,1
,,CASUAL,1
,,LEGAL,1
,,GN,1
,,IWB,2
,,SOCIALLY,1
,,TLO,1
,,FOUR,1
,,MAKES,1
,,PAL,2
,,CFO,1
,,ERA,1
,,NEVERMIND,1
,,BOYS,2
,,IANAL,1
,,SNP,2
,,EFA,1
,,FUZZY,1
,,PICKLER,1
,,RCA,2
,,VIA,1
,,HU,1
,,GTAV,2
,,WILD,2
,,DAS,1
,,ATTACKING,2
,,CANYON,1
,,TEENAGE,1
,,SPARTAN,1
,,STOP,5
,,LVG,3
,,RGIII,1
,,MGRGRLGRLGRLL,1
,,POLL,1
,,LCPD,1
,,NOOSE,1
,,YYYY,1
,,AAAAARRRGH,1
,,SATA,1
,,SAN,1
,,IOPS,1
,,GIGABYTE,1
,,GA,2
,,CWC,1
,,BULLSHITT,1
,,OMD,1
,,IMMEDIATELY,1
,,POOR,1
,,LOTR,1
,,MMA,2
,,RES,1
,,IASIP,1
,,FOXNEWS,1
,,OPA,1
,,ANYONE,2
,,ELSE,1
,,WINTER,1
,,SUN,1
,,XV,1
,,IMAX,1
,,UMCJ,2
,,PVE,1
,,INSTANT,1
,,SEATBELTS,1
,,FUCKS,1
,,MGSV,1
,,SCA,2
,,TON,2
,,RUGC,1
,,JG,1
,,KDA,1
,,BOH,1
,,SWEAR,1
,,EXPENSIVE,1
,,SIVA,1
,,GLOCK,1
,,PERFECTION,1
,,NT,1
,,HSR,1
,,SAC,1
,,MIL,1
,,INFOWARSDOTCOM,1
,,HFT,1
,,THINGS,1
,,LOOKING,1
,,REMEMBER,1
,,TIMES,1
,,GUT,1
,,LOADS,1
,,CPC,2
,,RULE,1
,,EUROPA,1
,,HUNGRY,1
,,GD,1
,,DOZERG,1
,,GREDOZ,1
,,BALLS,1
,,STREAK,1
,,SHITTING,1
,,SOLO,1
,,DEFT,1
,,RANDOMS,1
,,TRENDED,1
,,SCRUBS,2
,,DNP,1
,,LIMITED,1
,,GOTW,1
,,NNY,1
,,VV,1
,,XWX,1
,,BG,1
,,ECU,1
,,DRC,1
,,HITB,1
,,VOLUNTEER,1
,,MONADO,1
,,AUX,1
,,CF,4
,,PCE,1
,,CTR,1
,,SOCIETY,1
,,ALONE,2
,,STATIST,1
,,INFALLIBLE,1
,,REGULATE,1
,,ANARCHISTS,1
,,INITIAL,1
,,LOCK,1
,,BEEPS,1
,,BET,1
,,GLITCH,1
,,RESPECT,2
,,FY,2
,,COC,1
,,RSS,2
,,LNIB,1
,,ACTUAL,2
,,SAW,1
,,BCS,1
,,DII,1
,,DIII,1
,,FOH,1
,,CFP,1
,,RGB,1
,,MX,2
,,TOPAJ,1
,,AYE,2
,,DMX,1
,,BCD,1
,,ETSU,1
,,WUBBA,1
,,LUBBA,1
,,DUB,2
,,HATES,1
,,ISIC,1
,,SEA,2
,,SAD,1
,,FTW,1
,,ITAP,1
,,SVG,1
,,STOPPED,1
,,DWI,1
,,ETA,1
,,DD,1
,,MWR,1
,,MUSLIM,1
,,KILL,2
,,OTHER,3
,,INFIDELS,1
,,AROUND,1
,,SOLDIER,1
,,HMMMM,1
,,GEE,1
,,WONDER,1
,,COURSE,1
,,MARRIED,1
,,PAST,1
,,PAYLOAD,1
,,SFP,1
,,ROGER,1
,,WATERS,1
,,ISRAEL,1
,,INSANEEEEEEEEEE,1
,,NOFX,1
,,YMP,1
,,EQP,1
,,YWP,1
,,IAI,1
,,PBM,1
,,ISP,5
,,SQL,1
,,ADR,2
,,PMCR,1
,,SYAAF,1
,,DIDNT,1
,,LAA,1
,,LAD,1
,,BRUINS,2
,,BASKET,1
,,SNL,1
,,SAID,2
,,CLIMATE,1
,,CHANGE,1
,,HOAX,1
,,CAR,1
,,MEDIAN,1
,,DISAPPEAR,1
,,COOL,1
,,DECADE,1
,,JUNCTION,1
,,CITY,2
,,LADY,1
,,CRASHED,1
,,POND,1
,,EXPRESSWAY,1
,,BELTLINE,1
,,CLOVERLEAF,1
,,BONES,1
,,RUSTY,1
,,SEDAN,1
,,WEREN,1
,,FOUND,1
,,RECENTLY,1
,,SFV,1
,,OMFG,1
,,OHG,14
,,THESE,1
,,BABIES,1
,,KABOOM,1
,,ARG,2
,,QA,2
,,TROLLEY,1
,,BEGIN,1
,,GNOME,2
,,CALLING,1
,,BANDWAGONERS,1
,,BANDWAGONER,1
,,JUSTIN,1
,,BROWN,2
,,SLABA,1
,,BOYNOV,1
,,ANGIE,1
,,KOPIDOR,1
,,HTTP,1
,,KG,1
,,ABV,1
,,PTC,1
,,LGBTTIQQ,1
,,WWHL,1
,,AFL,1
,,NCR,1
,,RSVP,1
,,LPL,4
,,FOOTBALL,1
,,CZ,1
,,FDL,1
,,DOWNVOTE,2
,,OTT,2
,,STREAM,1
,,LION,1
,,THANK,1
,,PIC,1
,,KIND,1
,,ELEPHANT,1
,,PHANTOM,1
,,GHOST,1
,,ML,1
,,INCREDIBLY,1
,,POWERFUL,1
,,SOE,1
,,NFSL,1
,,LBJ,2
,,DURING,1
,,SEX,1
,,JLA,1
,,TC,2
,,WORRY,1
,,ENOUGH,1
,,PRACTICE,1
,,THOSE,1
,,MFG,1
,,LOOOOT,1
,,MCW,1
,,UROP,1
,,MRC,1
,,DEAR,1
,,FELLOW,1
,,LIBERTARIANS,1
,,ASSHOLES,2
,,PRIORITY,1
,,SHIPPING,1
,,ALONG,1
,,EMP,1
,,MIUI,1
,,IBD,1
,,UNCHARTED,1
,,BPA,1
,,PLP,1
,,NDTV,1
,,SORRY,1
,,MEC,1
,,SAGA,1
,,SSR,1
,,HRC,1
,,UNF,1
,,KNOCK,2
,,FAU,1
,,IMAQTPIE,1
,,DEFINITELY,1
,,BRADEN,2
,,HOLTBY,2
,,OD,1
,,WCS,2
,,BOSS,1
,,HUNT,1
,,MONTH,1
,,PEE,1
,,PEEING,1
,,FATLAD,1
,,DHS,1
,,ZHU,1
,,PGA,1
,,LCD,1
,,FNV,1
,,TMI,1
,,TDP,1
,,FTP,2
,,LAMP,1
,,GUI,3
,,HFC,1
,,TOMORROW,1
,,MORNING,1
,,PBR,1
,,DISGUSTING,1
,,XBL,1
,,LZL,1
,,WMATA,1
,,MBTA,1
,,MTA,1
,,SEG,1
,,MBT,1
,,JOOOOOHHHNNNY,1
,,GUITAAAAAAAAAAAAARRRR,1
,,NFPA,2
,,WCW,5
,,OWN,2
,,HUSSEIN,1
,,TP,1
,,UNDEFEATED,1
,,UMASS,1
,,JM,1
,,BCG,1
,,AE,1
,,HONOR,1
,,RD,1
,,TALKED,1
,,BEHIND,1
,,CLEVELAND,1
,,CINCINNATI,1
,,QQ,1
,,YODA,1
,,JOKES,1
,,ATHEISTIC,1
,,ZEALOTRY,1
,,TANGO,1
,,CIV,1
,,LD,1
,,WP,3
,,TDS,1
,,HM,3
,,FFXII,1
,,MTSO,2
,,NBER,1
,,DHL,1
,,START,2
,,BITCHING,1
,,MOANING,1
,,BDXL,1
,,GTS,1
,,HISTORIC,1
,,PLAYOFF,1
,,EDITION,1
,,MYTH,1
,,PBS,5
,,PRL,1
,,CN,1
,,SLIP,1
,,GK,1
,,SHOTGUN,1
,,SPIN,1
,,DPI,2
,,NMD,1
,,PNP,1
,,KOME,4
,,LEHT,1
,,STARS,1
,,MEANS,1
,,FDA,2
,,UMFA,1
,,AREA,1
,,AGREED,1
,,INCENTIVIZING,1
,,PLL,1
,,IMK,1
,,HEN,1
,,SIXER,1
,,RPDR,1
,,YOUTUBE,1
,,POOP,1
,,OU,1
,,UC,1
,,ARMY,1
,,PENNSYLVANIA,1
,,AOS,3
,,TBA,1
,,AG,1
,,DP,1
,,FAFSA,1
,,GIFT,1
,,CARD,1
,,APPSTORE,1
,,JDS,1
,,BENGAZI,1
,,LGBTRUMP,1
,,PST,2
,,SHIFT,1
,,FREEEEE,1
,,RETAIL,1
,,FOOD,3
,,SERVICE,1
,,LMA,1
,,NAP,2
,,EXTROVERTS,1
,,OUTSIDE,1
,,LOSER,1
,,TWASNOT,1
,,LUCK,1
,,FWIW,1
,,AOE,1
,,CONFERENCE,1
,,CHAMPIONSHIPS,1
,,EXP,1
,,GGGGGGGAAAAAAYZ,1
,,TTU,1
,,TRADE,2
,,TSN,1
,,BRITAIN,1
,,AUD,1
,,ACDC,1
,,IPA,3
,,GIANT,1
,,ROBOT,1
,,DUEL,1
,,TUV,1
,,MOBILE,1
,,BASE,1
,,BRILLIANT,1
,,CBD,1
,,MANLY,1
,,BILD,1
,,TTP,1
,,PUBLIC,1
,,RECLAIMED,1
,,CHRISTMAS,1
,,POLITICAL,1
,,CORRECTNESS,1
,,AIG,1
,,JWP,1
,,BOII,1
,,UFWC,1
,,EAST,1
,,ATLANTIC,1
,,CENTRAL,1
,,SOUTHEAST,1
,,WEST,1
,,PACIFIC,1
,,NORTHWEST,1
,,SOUTHWEST,1
,,PJ,1
,,LOOSING,1
,,CIC,1
,,PENN,1
,,NITTANY,1
,,LIONS,1
,,CLOTHES,1
,,GROSSED,1
,,REWEARING,1
,,SOO,1
,,MDK,1
,,JR,1
,,SHOCKED,1
,,JDAM,1
,,NEX,1
,,ATG,1
,,TAKING,1
,,ROY,1
,,COME,2
,,HONK,3
,,EFF,1
,,LGBTQLMNOPQRSTUVWXYANDZ,1
,,OOP,3
,,CFL,1
,,JOKER,1
,,FUNNY,1
,,HRD,1
,,BJP,1
,,VHP,1
,,EATING,1
,,DISORDER,1
,,TFTP,1
,,SFTP,1
,,PIN,1
,,BAF,2
,,ORC,1
,,TMNT,1
,,DESERT,3
,,GROWS,1
,,GROW,1
,,HUH,1
,,SAND,2
,,HUNDRED,1
,,STUFF,1
,,TRIP,1
,,DESERTS,1
,,GTI,2
,,VW,2
,,GTD,1
,,VWOA,1
,,DF,1
,,FTS,1
,,LSP,1
,,UH,1
,,DK,1
,,CLICK,1
,,NN,4
,,JOHN,1
,,GDT,2
,,TAX,1
,,CUTS,1
,,RICH,1
,,ATHENS,1
,,STUDS,1
,,NYT,2
,,BURB,1
,,MEP,1
,,HOMECOMING,1
,,SHE,1
,,YES,3
,,WOOOOOOOOOOOOOOOOOO,1
,,NOOO,2
,,SHIRT,1
,,GODZ,1
,,RGCB,1
,,ZSR,1
,,RAREPEPE,1
,,CRA,1
,,CIG,1
,,OFFICIAL,1
,,FRIDAY,1
,,FLAIR,1
,,OFFENSE,1
,,PATRICK,1
,,GERMANY,1
,,FGM,1
,,BMI,2
,,AWS,1
,,NICK,1
,,YOUNG,1
,,ANONYMOUS,1
,,OCS,1
,,BOLC,1
,,RZR,1
,,ROCKETS,1
,,MAVS,1
,,WDS,1
,,LINUS,1
,,ROC,1
,,TOBLOSPHERE,1
,,IMR,1
,,PATRIOTS,1
,,SIS,1
,,BEFORE,1
,,WHATS,1
,,POINT,1
,,CROUCHING,1
,,JUMP,1
,,REPEATEDLY,1
,,WARIOOOOOOOOOOOOOOOOOOOOOOO,1
,,PURPLEMOOSEFARTS,1
,,NELSON,1
,,INT,2
,,REST,1
,,SONG,1
,,SIL,1
,,DESTROYS,1
,,PROPERLY,1
,,AWWWWW,1
,,TRAILED,1
,,NOTHINGNESS,1
,,HLD,1
,,HERO,1
,,NPR,1
,,TABS,1
,,PDX,1
,,ASU,1
,,PUKEBALL,1
,,WOG,1
,,ZOE,1
,,ACA,1
,,MIA,1
,,HOUR,1
,,WORKS,1
,,MASTERRACE,1
,,CGI,1
,,SCG,1
,,DMCA,1
,,EF,1
,,PROVEN,1
,,AB,1
